timestamp,accel1,velocity1,force
4334360372,0.00795898,0,0.885343
4334361836,0.00795898,1.1652e-05,0.885343
4334363335,0.00795898,2.35825e-05,0.885343
4334364783,0.00795898,3.51071e-05,0.885343
4334366270,0.00795898,4.69421e-05,1.03787
4334367733,0.00795898,5.85861e-05,1.03787
4334369220,0.00795898,7.04211e-05,1.03787
4334370683,0.00795898,8.20651e-05,1.03787
4334372146,0.00795898,9.37091e-05,1.03787
4334373608,0.00795898,0.000105345,0.885343
4334375045,0.00795898,0.000116782,1.03787
4334376514,0.00795898,0.000128474,1.03787
4334377958,0.00795898,0.000139967,1.03787
4334379420,0.00795898,0.000151603,0.885343
4334380858,0.00795898,0.000163048,0.885343
4334382350,0.00795898,0.000174923,0.885343
4334383808,0.00795898,0.000186527,0.885343
4334385294,0.00795898,0.000198354,0.885343
4334386762,0.00795898,0.000210038,0.885343
4334388219,0.00795898,0.000221634,0.885343
4334389658,0.00795898,0.000233087,0.885343
4334391119,0.00795898,0.000244715,0.885343
4334392617,0.00795898,0.000256637,0.885343
4334394071,0.00795898,0.00026821,0.732818
4334395609,0.00795898,0.000280451,0.732818
4334397063,0.00795898,0.000292023,0.580293
4334398514,0.00795898,0.000303572,0.580293
4334399959,0.00795898,0.000315072,0.580293
4334401421,0.00795898,0.000326708,0.427767
4334402908,0.00795898,0.000338543,0.427767
4334404402,0.00795898,0.000350434,0.427767
4334405857,0.00795898,0.000362014,0.427767
4334407345,0.00795898,0.000373857,0.275242
4334408808,0.00795898,0.000385501,0.275242
4334410296,0.00795898,0.000397344,0.275242
4334411757,0.00795898,0.000408972,0.427767
4334413242,0.00795898,0.000420792,0.427767
4334414708,0.00795898,0.000432459,0.275242
4334416184,0.00795898,0.000444207,0.275242
4334417638,0.00795898,0.000455779,0.275242
4334419108,0.00795898,0.000467479,0.275242
4334420607,0.00795898,0.000479409,0.275242
4334422071,0.00795898,0.000491061,0.275242
4334423508,0.00795898,0.000502498,0.427767
4334424968,0.00795898,0.000514119,0.275242
4334426436,0.00795898,0.000525802,0.275242
4334427913,0.00795898,0.000537558,0.275242
4334429383,0.00795898,0.000549257,0.275242
4334430833,0.00795898,0.000560798,0.275242
4334432321,0.00795898,0.000572641,0.427767
4334433762,0.00795898,0.00058411,0.427767
4334435258,0.00795898,0.000596017,0.427767
4334436710,0.00795898,0.000607573,0.427767
4334438209,0.00795898,0.000619503,0.580293
4334439683,0.00795898,0.000631235,0.580293
4334441152,0.00795898,0.000642927,0.732818
4334442607,0.00795898,0.000654507,0.732818
4334444071,0.00795898,0.000666159,0.732818
4334445607,0.00795898,0.000678384,0.732818
4334447079,0.00795898,0.0006901,0.732818
4334448521,0.00795898,0.000701577,0.732818
4334449988,0.00795898,0.000713252,0.732818
4334451458,0.00795898,0.000724952,0.732818
4334452933,0.00795898,0.000736692,0.732818
4334454398,0.00795898,0.000748351,0.732818
4334455857,0.00795898,0.000759964,0.732818
4334457347,0.00795898,0.000771822,0.732818
4334458810,0.00795898,0.000783466,0.732818
4334460284,0.00795898,0.000795198,0.732818
4334461733,0.00795898,0.000806731,0.732818
4334463220,0.00795898,0.000818566,0.732818
4334464684,0.00795898,0.000830217,0.732818
4334466150,0.00795898,0.000841885,0.732818
4334467608,0.00795898,0.00085349,0.732818
4334469072,0.00795898,0.000865142,0.732818
4334470609,0.00795898,0.000877375,0.732818
4334472086,0.00795898,0.00088913,0.732818
4334473536,0.00795898,0.000900671,0.732818
4334474983,0.00795898,0.000912187,0.732818
4334476447,0.00795898,0.000923839,0.732818
4334477936,0.00795898,0.00093569,0.580293
4334479387,0.00795898,0.000947239,0.580293
4334480832,0.00795898,0.000958739,0.580293
4334482322,0.00795898,0.000970598,0.580293
4334483782,0.00795898,0.000982218,0.580293
4334485268,0.00795898,0.000994045,0.580293
4334486732,0.00795898,0.0010057,0.580293
4334488203,0.00795898,0.00101741,0.580293
4334489659,0.00795898,0.00102899,0.580293
4334491122,0.00795898,0.00104064,0.580293
4334492606,0.00795898,0.00105245,0.580293
4334494044,0.00795898,0.00106389,0.580293
4334495482,0.00795898,0.00107534,0.580293
4334496944,0.00795898,0.00108697,0.580293
4334498412,0.00795898,0.00109866,0.580293
4334499907,0.00795898,0.00111056,0.580293
4334501392,0.00795898,0.00112238,0.580293
4334502856,0.00795898,0.00113403,0.580293
4334504340,0.00795898,0.00114584,0.580293
4334505810,0.00795898,0.00115754,0.580293
4334507295,0.00795898,0.00116936,0.427767
4334508758,0.00795898,0.001181,0.427767
4334510243,0.00795898,0.00119282,0.427767
4334511706,0.00795898,0.00120447,0.580293
4334513168,0.00795898,0.0012161,0.580293
4334514607,0.00795898,0.00122755,0.580293
4334516040,0.00795898,0.00123896,0.580293
4334517509,0.00795898,0.00125065,0.427767
4334518942,0.00795898,0.00126206,0.427767
4334520418,0.00795898,0.0012738,0.275242
4334521908,0.00795898,0.00128566,0.275242
4334523403,0.00795898,0.00129756,0.122717
4334524856,0.00795898,0.00130913,0.122717
4334526340,0.00795898,0.00132094,0.122717
4334527806,0.00795898,0.0013326,0.122717
4334529291,0.00795898,0.00134442,0.275242
4334530756,0.00795898,0.00135608,0.275242
4334532241,0.00795898,0.0013679,0.275242
4334533706,0.00795898,0.00137956,0.275242
4334535168,0.00795898,0.0013912,0.275242
4334536605,0.00795898,0.00140264,0.275242
4334538068,0.00795898,0.00141428,0.122717
4334539508,0.00795898,0.00142574,0.122717
4334540967,0.00795898,0.00143735,0.122717
4334542406,0.00795898,0.00144881,0.122717
4334543859,0.00795898,0.00146037,0.122717
4334545343,0.00795898,0.00147218,0.122717
4334546806,0.00795898,0.00148383,0.122717
4334548291,0.00795898,0.00149564,0.122717
4334549757,0.00795898,0.00150731,0.122717
4334551242,0.00795898,0.00151913,0.122717
4334552706,0.00795898,0.00153078,0.122717
4334554194,0.00795898,0.00154263,0.122717
4334555657,0.00795898,0.00155427,0.122717
4334557116,0.00795898,0.00156588,0.275242
4334558606,0.00795898,0.00157774,0.275242
4334560065,0.00795898,0.00158935,0.427767
4334561506,0.00795898,0.00160082,0.427767
4334562964,0.00795898,0.00161243,0.427767
4334564431,0.00795898,0.0016241,0.427767
4334565932,0.00795898,0.00163605,0.427767
4334567391,0.00795898,0.00164766,0.427767
4334568832,0.00795898,0.00165913,0.427767
4334570319,0.00795898,0.00167096,0.427767
4334571781,0.00795898,0.0016826,0.427767
4334573267,0.00795898,0.00169443,0.427767
4334574735,0.00795898,0.00170611,0.427767
4334576209,0.00795898,0.00171784,0.427767
4334577662,0.00795898,0.00172941,0.427767
4334579132,0.00795898,0.00174111,0.427767
4334580606,0.00795898,0.00175284,0.580293
4334582048,0.00795898,0.00176432,0.580293
4334583484,0.00795898,0.00177574,0.427767
4334584918,0.00795898,0.00178716,0.427767
4334586382,0.00795898,0.00179881,0.427767
4334587832,0.00795898,0.00181035,0.427767
4334589319,0.00795898,0.00182219,0.427767
4334590782,0.00795898,0.00183383,0.580293
4334592267,0.00795898,0.00184565,0.580293
4334593712,0.00795898,0.00185715,0.580293
4334595196,0.00795898,0.00186896,0.580293
4334596631,0.00795898,0.00188038,0.580293
4334598089,0.00795898,0.00189199,0.580293
4334599531,0.00795898,0.00190346,0.580293
4334600992,0.00795898,0.00191509,0.580293
4334602456,0.00795898,0.00192674,0.427767
4334603932,0.00795898,0.00193849,0.427767
4334605390,0.00795898,0.00195009,0.580293
4334606831,0.00795898,0.00196156,0.580293
4334608319,0.00795898,0.00197341,0.580293
4334609786,0.00795898,0.00198508,0.580293
4334611278,0.00795898,0.00199696,0.580293
4334612731,0.00795898,0.00200852,0.580293
4334614214,0.00795898,0.00202032,0.580293
4334615682,0.00795898,0.00203201,0.580293
4334617139,0.00795898,0.0020436,0.580293
4334618606,0.00795898,0.00205528,0.580293
4334620040,0.00795898,0.00206669,0.427767
4334621466,0.00795898,0.00207804,0.580293
4334622930,0.00795898,0.00208969,0.580293
4334624387,0.00795898,0.00210129,0.580293
4334625836,0.00795898,0.00211282,0.580293
4334627318,0.00795898,0.00212462,0.580293
4334628780,0.00795898,0.00213625,0.580293
4334630263,0.00795898,0.00214806,0.427767
4334631705,0.00795898,0.00215953,0.427767
4334633173,0.00795898,0.00217122,0.275242
4334634631,0.00795898,0.00218282,0.427767
4334636088,0.00795898,0.00219442,0.275242
4334637605,0.00795898,0.00220649,0.427767
4334639048,0.00795898,0.00221798,0.427767
4334640506,0.00795898,0.00222958,0.427767
4334641938,0.00795898,0.00224098,0.427767
4334643405,0.00795898,0.00225265,0.427767
4334644855,0.00795898,0.0022642,0.275242
4334646338,0.00795898,0.002276,0.275242
4334647805,0.00795898,0.00228767,0.275242
4334649288,0.00795898,0.00229948,0.275242
4334650756,0.00795898,0.00231116,0.275242
4334652229,0.00795898,0.00232288,0.275242
4334653681,0.00795898,0.00233444,0.275242
4334655140,0.00795898,0.00234605,0.275242
4334656605,0.00795898,0.00235771,0.275242
4334658063,0.00795898,0.00236932,0.275242
4334659506,0.00795898,0.0023808,0.275242
4334660957,0.00795898,0.00239235,0.275242
4334662410,0.00795898,0.00240391,0.275242
4334663856,0.00795898,0.00241542,0.275242
4334665350,0.00795898,0.00242731,0.275242
4334666806,0.00795898,0.0024389,0.122717
4334668289,0.00795898,0.00245071,0.275242
4334669756,0.00795898,0.00246238,0.275242
4334671246,0.00795898,0.00247424,0.275242
4334672705,0.00795898,0.00248585,0.275242
4334674164,0.00795898,0.00249746,0.275242
4334675605,0.00795898,0.00250893,0.275242
4334677064,0.00795898,0.00252055,0.275242
4334678506,0.00795898,0.00253202,0.275242
4334679964,0.00795898,0.00254363,0.275242
4334681431,0.00795898,0.0025553,0.275242
4334682906,0.00795898,0.00256704,0.275242
4334684388,0.00795898,0.00257884,0.275242
4334685832,0.00795898,0.00259033,0.275242
4334687318,0.00795898,0.00260216,0.427767
4334688756,0.00795898,0.0026136,0.427767
4334690239,0.00795898,0.00262541,0.427767
4334691706,0.00795898,0.00263708,0.427767
4334693163,0.00795898,0.00264868,0.427767
4334694631,0.00795898,0.00266036,0.427767
4334696065,0.00795898,0.00267177,0.427767
4334697534,0.00795898,0.00268347,0.275242
4334698967,0.00795898,0.00269487,0.427767
4334700415,0.00795898,0.0027064,0.275242
4334701932,0.00795898,0.00271847,0.275242
4334703397,0.00795898,0.00273013,0.275242
4334704856,0.00795898,0.00274174,0.427767
4334706339,0.00795898,0.00275354,0.427767
4334707780,0.00795898,0.00276501,0.427767
4334709266,0.00795898,0.00277684,0.275242
4334710754,0.00795898,0.00278868,0.275242
4334712238,0.00795898,0.00280049,0.275242
4334713681,0.00795898,0.00281198,0.275242
4334715140,0.00795898,0.00282359,0.275242
4334716606,0.00795898,0.00283526,0.275242
4334718065,0.00795898,0.00284687,0.275242
4334719532,0.00795898,0.00285855,0.275242
4334720993,0.00795898,0.00287018,0.275242
4334722460,0.00795898,0.00288185,0.275242
4334723930,0.00795898,0.00289355,0.122717
4334725387,0.00795898,0.00290515,0.122717
4334726834,0.00795898,0.00291666,0.122717
4334728321,0.00795898,0.0029285,-0.029808
4334729784,0.00795898,0.00294014,-0.029808
4334731269,0.00795898,0.00295196,-0.029808
4334732731,0.00795898,0.0029636,-0.029808
4334734213,0.00795898,0.00297539,-0.029808
4334735682,0.00795898,0.00298709,-0.029808
4334737158,0.00795898,0.00299883,-0.029808
4334738606,0.00795898,0.00301036,-0.029808
4334740039,0.00795898,0.00302176,-0.182333
4334741480,0.00795898,0.00303323,-0.029808
4334742937,0.00795898,0.00304483,-0.182333
4334744393,0.00795898,0.00305642,-0.182333
4334745830,0.00795898,0.00306785,-0.182333
4334747313,0.00795898,0.00307966,-0.029808
4334748755,0.00795898,0.00309113,-0.029808
4334750236,0.00795898,0.00310292,-0.029808
4334751680,0.00795898,0.00311441,-0.029808
4334753138,0.00795898,0.00312602,-0.029808
4334754605,0.00795898,0.00313769,-0.029808
4334756038,0.00795898,0.0031491,-0.029808
4334757505,0.00795898,0.00316077,-0.182333
4334758937,0.00795898,0.00317217,-0.182333
4334760394,0.00795898,0.00318377,-0.182333
4334761858,0.00795898,0.00319542,-0.182333
4334763340,0.00795898,0.00320721,-0.182333
4334764805,0.00795898,0.00321887,-0.182333
4334766287,0.00795898,0.00323067,-0.182333
4334767691,0.00795898,0.00324184,-0.182333
4334769156,0.00795898,0.0032535,-0.029808
4334770605,0.00795898,0.00326504,-0.029808
4334772062,0.00795898,0.00327663,-0.029808
4334773495,0.00795898,0.00328804,-0.029808
4334774955,0.00795898,0.00329966,-0.029808
4334776412,0.00795898,0.00331125,-0.029808
4334777855,0.00795898,0.00332274,-0.029808
4334779336,0.00795898,0.00333453,-0.029808
4334780780,0.00795898,0.00334602,-0.029808
4334782264,0.00795898,0.00335783,-0.029808
4334783705,0.00795898,0.0033693,-0.029808
4334785162,0.00795898,0.0033809,-0.029808
4334786605,0.00795898,0.00339238,-0.029808
4334788063,0.00795898,0.00340398,-0.029808
4334789505,0.00795898,0.00341546,-0.029808
4334790956,0.00795898,0.00342701,-0.029808
4334792418,0.00795898,0.00343865,-0.029808
4334793906,0.00795898,0.00345049,0.122717
4334795388,0.00795898,0.00346228,0.122717
4334796906,0.00795898,0.00347437,0.122717
4334798389,0.00795898,0.00348617,0.275242
4334799858,0.00795898,0.00349786,0.275242
4334801342,0.00795898,0.00350967,0.275242
4334802806,0.00795898,0.00352132,0.427767
4334804288,0.00795898,0.00353312,0.427767
4334805756,0.00795898,0.0035448,0.427767
4334807240,0.00795898,0.00355661,0.427767
4334808706,0.00795898,0.00356828,0.427767
4334810164,0.00795898,0.00357989,0.427767
4334811606,0.00795898,0.00359136,0.427767
4334813066,0.00795898,0.00360298,0.427767
4334814506,0.00795898,0.00361444,0.427767
4334815963,0.00795898,0.00362604,0.427767
4334817419,0.00795898,0.00363763,0.427767
4334818933,0.00795898,0.00364968,0.580293
4334820391,0.00795898,0.00366128,0.580293
4334821830,0.00795898,0.00367274,0.580293
4334823281,0.00795898,0.00368428,0.580293
4334824730,0.00795898,0.00369582,0.580293
4334826214,0.00795898,0.00370763,0.580293
4334827680,0.00795898,0.0037193,0.580293
4334829137,0.00795898,0.00373089,0.427767
4334830605,0.00795898,0.00374257,0.427767
4334832039,0.00795898,0.00375399,0.427767
4334833481,0.00795898,0.00376546,0.427767
4334834940,0.00795898,0.00377708,0.427767
4334836380,0.00795898,0.00378854,0.275242
4334837831,0.00795898,0.00380009,0.275242
4334839317,0.00795898,0.00381191,0.427767
4334840779,0.00795898,0.00382355,0.275242
4334842262,0.00795898,0.00383535,0.275242
4334843705,0.00795898,0.00384684,0.275242
4334845163,0.00795898,0.00385844,0.275242
4334846630,0.00795898,0.00387012,0.275242
4334848086,0.00795898,0.00388171,0.275242
4334849610,0.00795898,0.00389384,0.275242
4334851032,0.00795898,0.00390515,0.275242
4334852489,0.00795898,0.00391675,0.275242
4334853930,0.00795898,0.00392822,0.275242
4334855386,0.00795898,0.00393981,0.275242
4334856830,0.00795898,0.0039513,0.275242
4334858317,0.00795898,0.00396313,0.122717
4334859756,0.00795898,0.00397459,0.122717
4334861239,0.00795898,0.00398639,0.122717
4334862706,0.00795898,0.00399807,0.122717
4334864170,0.00795898,0.00400972,0.122717
4334865610,0.00795898,0.00402118,0.122717
4334867043,0.00795898,0.00403258,0.122717
4334868505,0.00795898,0.00404422,0.122717
4334869938,0.00795898,0.00405563,0.122717
4334871405,0.00795898,0.0040673,0.122717
4334872856,0.00795898,0.00407885,0.122717
4334874339,0.00795898,0.00409065,0.122717
4334875806,0.00795898,0.00410233,0.122717
4334877289,0.00795898,0.00411413,0.122717
4334878756,0.00795898,0.00412581,-0.029808
4334880239,0.00795898,0.00413761,0.122717
4334881685,0.00795898,0.00414912,0.122717
4334883156,0.00795898,0.00416083,0.122717
4334884605,0.00795898,0.00417236,0.122717
4334886063,0.00795898,0.00418396,0.122717
4334887505,0.00795898,0.00419544,0.122717
4334888962,0.00795898,0.00420704,0.122717
4334890420,0.00795898,0.00421864,0.122717
4334891906,0.00795898,0.00423047,0.122717
4334893389,0.00795898,0.00424227,0.122717
4334894906,0.00795898,0.00425435,-0.029808
4334896391,0.00795898,0.00426616,-0.029808
4334897836,0.00795898,0.00427767,-0.029808
4334899320,0.00795898,0.00428948,-0.029808
4334900756,0.00795898,0.00430091,-0.029808
4334902240,0.00795898,0.00431272,-0.029808
4334903706,0.00795898,0.00432438,-0.029808
4334905157,0.00795898,0.00433593,-0.029808
4334906606,0.00795898,0.00434747,0.122717
4334908066,0.00795898,0.00435909,0.122717
4334909507,0.00795898,0.00437055,0.122717
4334910967,0.00795898,0.00438217,0.122717
4334912432,0.00795898,0.00439383,0.122717
4334913913,0.00795898,0.00440562,0.122717
4334915397,0.00795898,0.00441743,0.122717
4334916857,0.00795898,0.00442905,0.122717
4334918308,0.00795898,0.0044406,0.122717
4334919757,0.00795898,0.00445213,0.122717
4334921251,0.00795898,0.00446402,0.122717
4334922707,0.00795898,0.00447561,0.122717
4334924169,0.00795898,0.00448725,0.122717
4334925632,0.00795898,0.00449889,0.122717
4334927059,0.00795898,0.00451025,0.275242
4334928523,0.00795898,0.0045219,0.275242
4334929963,0.00795898,0.00453336,0.275242
4334931430,0.00795898,0.00454504,0.275242
4334932931,0.00795898,0.00455699,0.427767
4334934388,0.00795898,0.00456858,0.427767
4334935932,0.00795898,0.00458087,0.427767
4334937391,0.00795898,0.00459248,0.427767
4334938832,0.00795898,0.00460395,0.427767
4334940318,0.00795898,0.00461578,0.580293
4334941781,0.00795898,0.00462742,0.580293
4334943263,0.00795898,0.00463922,0.580293
4334944731,0.00795898,0.0046509,0.580293
4334946200,0.00795898,0.00466259,0.580293
4334947632,0.00795898,0.00467399,0.580293
4334949090,0.00795898,0.00468559,0.580293
4334950531,0.00795898,0.00469706,0.580293
4334951988,0.00795898,0.00470866,0.580293
4334953446,0.00795898,0.00472026,0.580293
4334954931,0.00795898,0.00473208,0.580293
4334956418,0.00795898,0.00474392,0.580293
4334957931,0.00795898,0.00475596,0.580293
4334959388,0.00795898,0.00476756,0.580293
4334960831,0.00795898,0.00477904,0.580293
4334962319,0.00795898,0.00479088,0.580293
4334963783,0.00795898,0.00480254,0.580293
4334965264,0.00795898,0.00481432,0.580293
4334966706,0.00795898,0.0048258,0.580293
4334968164,0.00795898,0.0048374,0.580293
4334969606,0.00795898,0.00484888,0.580293
4334971039,0.00795898,0.00486029,0.580293
4334972506,0.00795898,0.00487196,0.580293
4334973938,0.00795898,0.00488336,0.580293
4334975406,0.00795898,0.00489504,0.732818
4334976856,0.00795898,0.00490658,0.580293
4334978340,0.00795898,0.00491839,0.580293
4334979807,0.00795898,0.00493007,0.580293
4334981290,0.00795898,0.00494187,0.580293
4334982757,0.00795898,0.00495355,0.580293
4334984240,0.00795898,0.00496535,0.580293
4334985710,0.00795898,0.00497705,0.732818
4334987169,0.00795898,0.00498866,0.732818
4334988605,0.00795898,0.00500009,0.732818
4334990065,0.00795898,0.00501171,0.732818
4334991507,0.00795898,0.00502319,0.580293
4334992964,0.00795898,0.00503479,0.732818
4334994422,0.00795898,0.00504639,0.732818
4334995906,0.00795898,0.0050582,0.732818
4334997390,0.00795898,0.00507001,0.885343
4334998857,0.00795898,0.00508169,0.885343
4335000339,0.00795898,0.00509348,0.885343
4335001805,0.00795898,0.00510515,0.885343
4335003287,0.00795898,0.00511695,0.885343
4335004732,0.00795898,0.00512845,0.885343
4335006214,0.00795898,0.00514024,0.885343
4335007655,0.00795898,0.00515171,0.885343
4335009114,0.00795898,0.00516332,0.885343
4335010605,0.00795898,0.00517519,0.885343
4335012063,0.00795898,0.0051868,0.885343
4335013506,0.00795898,0.00519828,0.885343
4335014963,0.00795898,0.00520988,0.885343
4335016420,0.00795898,0.00522147,0.885343
4335017908,0.00795898,0.00523332,0.885343
4335019392,0.00795898,0.00524513,0.885343
4335020856,0.00795898,0.00525678,0.732818
4335022338,0.00795898,0.00526857,0.732818
4335023806,0.00795898,0.00528026,0.732818
4335025299,0.00795898,0.00529214,0.732818
4335026731,0.00795898,0.00530354,0.732818
4335028218,0.00795898,0.00531537,0.732818
4335029680,0.00795898,0.00532701,0.732818
4335031137,0.00795898,0.00533861,0.732818
4335032605,0.00795898,0.00535029,0.732818
4335034032,0.00795898,0.00536165,0.732818
4335035489,0.00795898,0.00537324,0.580293
4335036930,0.00795898,0.00538471,0.580293
4335038411,0.00795898,0.0053965,0.580293
4335039856,0.00795898,0.005408,0.580293
4335041342,0.00795898,0.00541983,0.580293
4335042781,0.00795898,0.00543128,0.427767
4335044264,0.00795898,0.00544308,0.427767
4335045739,0.00795898,0.00545482,0.275242
4335047232,0.00795898,0.00546671,0.275242
4335048670,0.00795898,0.00547815,0.275242
4335050141,0.00795898,0.00548986,0.122717
4335051606,0.00795898,0.00550152,0.122717
4335053210,0.00795898,0.00551428,-0.029808
4335059863,0.00795898,0.00556723,-0.182333
4335061331,0.00795898,0.00557892,-0.182333
4335062780,0.00795898,0.00559045,-0.182333
4335064264,0.00795898,0.00560226,-0.182333
4335065731,0.00795898,0.00561394,-0.182333
4335067216,0.00795898,0.00562576,-0.182333
4335068655,0.00795898,0.00563721,-0.182333
4335070117,0.00795898,0.00564885,-0.182333
4335071605,0.00795898,0.00566069,-0.334858
4335073043,0.00795898,0.00567213,-0.334858
4335074501,0.00795898,0.00568374,-0.334858
4335075957,0.00795898,0.00569533,-0.334858
4335077417,0.00795898,0.00570695,-0.334858
4335078905,0.00795898,0.00571879,-0.334858
4335080388,0.00795898,0.00573059,-0.182333
4335081905,0.00795898,0.00574267,-0.182333
4335083389,0.00795898,0.00575448,-0.029808
4335084856,0.00795898,0.00576615,-0.029808
4335086339,0.00795898,0.00577796,0.122717
4335087806,0.00795898,0.00578963,0.122717
4335089288,0.00795898,0.00580143,0.275242
4335090730,0.00795898,0.00581291,0.275242
4335092342,0.00795898,0.00582574,0.275242
4335093805,0.00795898,0.00583738,0.427767
4335095288,0.00795898,0.00584918,0.427767
4335096730,0.00795898,0.00586066,0.427767
4335098214,0.00795898,0.00587247,0.427767
4335099655,0.00795898,0.00588394,0.427767
4335101111,0.00795898,0.00589553,0.427767
4335102605,0.00795898,0.00590742,0.427767
4335104065,0.00795898,0.00591904,0.427767
4335105506,0.00795898,0.00593051,0.427767
4335106961,0.00795898,0.00594209,0.580293
4335108417,0.00795898,0.00595368,0.580293
4335109905,0.00795898,0.00596552,0.580293
4335111386,0.00795898,0.00597731,0.580293
4335112830,0.00795898,0.0059888,0.580293
4335114311,0.00795898,0.00600059,0.580293
4335115755,0.00795898,0.00601208,0.580293
4335117223,0.00795898,0.00602376,0.580293
4335118655,0.00795898,0.00603516,0.427767
4335120110,0.00795898,0.00604674,0.427767
4335121610,0.00795898,0.00605868,0.427767
4335123066,0.00795898,0.00607027,0.427767
4335124504,0.00795898,0.00608171,0.427767
4335125960,0.00795898,0.0060933,0.427767
4335127417,0.00795898,0.0061049,0.427767
4335128930,0.00795898,0.00611694,0.275242
4335130411,0.00795898,0.00612873,0.275242
4335131855,0.00795898,0.00614022,0.275242
4335133336,0.00795898,0.00615201,0.275242
4335134780,0.00795898,0.0061635,0.275242
4335136260,0.00795898,0.00617528,0.275242
4335137711,0.00795898,0.00618683,0.275242
4335139169,0.00795898,0.00619843,0.275242
4335140634,0.00795898,0.00621009,0.122717
4335142088,0.00795898,0.00622166,0.122717
4335143535,0.00795898,0.00623318,-0.029808
4335144988,0.00795898,0.00624475,-0.182333
4335146458,0.00795898,0.00625644,-0.182333
4335147930,0.00795898,0.00626816,-0.334858
4335149420,0.00795898,0.00628002,-0.334858
4335150934,0.00795898,0.00629207,-0.334858
4335152418,0.00795898,0.00630388,-0.334858
4335153936,0.00795898,0.00631596,-0.487383
4335155422,0.00795898,0.00632779,-0.487383
4335156933,0.00795898,0.00633981,-0.487383
4335158413,0.00795898,0.00635159,-0.487383
4335159932,0.00795898,0.00636368,-0.487383
4335161393,0.00795898,0.00637531,-0.639908
4335162831,0.00795898,0.00638676,-0.639908
4335164609,0.00795898,0.00640091,-0.792433
4335166090,0.00795898,0.0064127,-0.944959
4335167611,0.00795898,0.0064248,-1.09748
4335169062,0.00795898,0.00643635,-1.25001
4335170506,0.00795898,0.00644784,-1.25001
4335171951,0.00795898,0.00645934,-1.40253
4335173424,0.00795898,0.00647107,-1.55506
4335174922,0.00795898,0.00648299,-1.70758
4335176415,0.00795898,0.00649487,-1.86011
4335177915,0.00795898,0.00650681,-2.01263
4335179393,0.00795898,0.00651857,-2.16516
4335180904,0.00795898,0.0065306,-2.01263
4335182423,0.00795898,0.00654269,-2.16516
4335183949,0.00795898,0.00655484,-2.16516
4335185456,0.00795898,0.00656683,-2.16516
4335186937,0.00795898,0.00657862,-2.31768
4335188468,0.00795898,0.0065908,-2.16516
4335189931,0.00795898,0.00660245,-2.31768
4335191441,0.00795898,0.00661446,-2.31768
4335192930,0.00795898,0.00662632,-2.47021
4335194445,0.00795898,0.00663837,-2.47021
4335195934,0.00795898,0.00665022,-2.62273
4335197444,0.00795898,0.00666224,-2.62273
4335198931,0.00795898,0.00667408,-2.62273
4335200445,0.00795898,0.00668613,-2.77526
4335201937,0.00795898,0.006698,-2.77526
4335203433,0.00795898,0.00670991,-2.77526
4335204934,0.00795898,0.00672186,-2.62273
4335206458,0.00795898,0.00673398,-2.62273
4335207934,0.00795898,0.00674573,-2.47021
4335209401,0.00795898,0.00675741,-2.47021
4335210869,0.00795898,0.00676909,-2.47021
4335212350,0.00795898,0.00678088,-2.31768
4335213792,0.00795898,0.00679236,-2.31768
4335215290,0.00795898,0.00680428,-2.16516
4335216742,0.00795898,0.00681583,-2.01263
4335218228,0.00795898,0.00682766,-2.01263
4335219709,0.00795898,0.00683945,-2.01263
4335221203,0.00795898,0.00685134,-1.86011
4335222717,0.00795898,0.00686339,-1.86011
4335224192,0.00795898,0.00687513,-1.86011
4335225673,0.00795898,0.00688692,-1.86011
4335227151,0.00795898,0.00689868,-1.86011
4335228646,0.00795898,0.00691058,-1.86011
4335230135,0.00795898,0.00692243,-1.70758
4335231633,0.00795898,0.00693435,-1.70758
4335233099,0.00795898,0.00694602,-1.70758
4335234634,0.00795898,0.00695824,-1.55506
4335236101,0.00795898,0.00696991,-1.55506
4335237633,0.00795898,0.00698211,-1.55506
4335239083,0.00795898,0.00699365,-1.40253
4335240547,0.00795898,0.0070053,-1.40253
4335242040,0.00795898,0.00701718,-1.40253
4335243510,0.00795898,0.00702888,-1.25001
4335244996,0.00795898,0.00704071,-1.25001
4335246483,0.00795898,0.00705254,-1.25001
4335247961,0.00795898,0.00706431,-1.09748
4335249458,0.00795898,0.00707622,-1.09748
4335250958,0.00795898,0.00708816,-1.09748
4335252448,0.00795898,0.00710002,-1.09748
4335253963,0.00795898,0.00711208,-1.09748
4335255458,0.00795898,0.00712398,-1.09748
4335256959,0.00795898,0.00713592,-1.09748
4335258450,0.00795898,0.00714779,-0.944959
4335259959,0.00795898,0.0071598,-0.944959
4335261450,0.00795898,0.00717167,-0.944959
4335262961,0.00795898,0.00718369,-0.944959
4335264461,0.00795898,0.00719563,-0.944959
4335265965,0.00795898,0.0072076,-0.792433
4335267459,0.00795898,0.00721949,-0.792433
4335268960,0.00795898,0.00723144,-0.792433
4335270448,0.00795898,0.00724328,-0.792433
4335271961,0.00795898,0.00725532,-0.792433
4335273452,0.00795898,0.00726719,-0.792433
4335274961,0.00795898,0.0072792,-0.792433
4335276449,0.00795898,0.00729104,-0.792433
4335277959,0.00795898,0.00730306,-0.792433
4335279461,0.00795898,0.00731502,-0.639908
4335280962,0.00795898,0.00732696,-0.639908
4335282490,0.00795898,0.00733912,-0.639908
4335283963,0.00795898,0.00735085,-0.639908
4335285459,0.00795898,0.00736275,-0.639908
4335286960,0.00795898,0.0073747,-0.639908
4335288461,0.00795898,0.00738665,-0.639908
4335289962,0.00795898,0.00739859,-0.639908
4335291462,0.00795898,0.00741053,-0.487383
4335292962,0.00795898,0.00742247,-0.487383
4335294459,0.00795898,0.00743439,-0.487383
4335295935,0.00795898,0.00744613,-0.487383
4335297434,0.00795898,0.00745806,-0.334858
4335298935,0.00795898,0.00747001,-0.334858
4335300437,0.00795898,0.00748196,-0.334858
4335301936,0.00795898,0.0074939,-0.334858
4335303436,0.00795898,0.00750583,-0.334858
4335304936,0.00795898,0.00751777,-0.182333
4335306438,0.00795898,0.00752973,-0.182333
4335307935,0.00795898,0.00754164,-0.182333
4335309452,0.00795898,0.00755371,-0.182333
4335310936,0.00795898,0.00756553,-0.182333
4335312436,0.00795898,0.00757746,-0.029808
4335313940,0.00795898,0.00758943,-0.029808
4335315439,0.00795898,0.00760137,-0.029808
4335316937,0.00795898,0.00761329,-0.029808
4335318436,0.00795898,0.00762522,-0.029808
4335319937,0.00795898,0.00763717,-0.029808
4335321436,0.00795898,0.0076491,-0.029808
4335322935,0.00795898,0.00766103,-0.029808
4335324435,0.00795898,0.00767297,-0.029808
4335325934,0.00795898,0.0076849,-0.029808
4335327448,0.00795898,0.00769695,-0.029808
4335328942,0.00795898,0.00770884,-0.029808
4335330441,0.00795898,0.00772077,-0.029808
4335331934,0.00795898,0.00773265,-0.029808
4335333449,0.00795898,0.00774471,-0.029808
4335334937,0.00795898,0.00775655,-0.029808
4335336450,0.00795898,0.00776859,-0.029808
4335337936,0.00795898,0.00778042,-0.029808
4335339451,0.00795898,0.00779248,-0.029808
4335340937,0.00795898,0.0078043,-0.029808
4335342437,0.00795898,0.00781624,-0.029808
4335343937,0.00795898,0.00782818,-0.029808
4335345435,0.00795898,0.0078401,-0.029808
4335346935,0.00795898,0.00785204,-0.029808
4335348448,0.00795898,0.00786409,-0.182333
4335349934,0.00795898,0.00787591,-0.182333
4335351447,0.00795898,0.00788795,-0.182333
4335352935,0.00795898,0.0078998,-0.182333
4335354434,0.00795898,0.00791173,-0.182333
4335355938,0.00795898,0.0079237,-0.029808
4335357417,0.00795898,0.00793547,-0.029808
4335358961,0.00795898,0.00794776,-0.029808
4335360450,0.00795898,0.00795961,0.122717
4335361941,0.00795898,0.00797147,0.122717
4335363436,0.00795898,0.00798337,0.122717
4335364959,0.00795898,0.00799549,0.122717
4335366450,0.00795898,0.00800736,0.122717
4335367960,0.00795898,0.00801938,0.122717
4335369451,0.00795898,0.00803125,0.122717
4335370961,0.00795898,0.00804326,0.122717
4335372462,0.00795898,0.00805521,0.122717
4335373963,0.00795898,0.00806716,0.122717
4335375463,0.00795898,0.00807909,0.275242
4335376964,0.00795898,0.00809104,0.275242
4335378459,0.00795898,0.00810294,0.122717
4335379963,0.00795898,0.00811491,0.122717
4335381461,0.00795898,0.00812683,0.275242
4335382964,0.00795898,0.00813879,0.275242
4335384460,0.00795898,0.0081507,0.275242
4335385960,0.00795898,0.00816264,0.275242
4335387452,0.00795898,0.00817451,0.275242
4335388964,0.00795898,0.00818655,0.275242
4335390460,0.00795898,0.00819845,0.275242
4335391964,0.00795898,0.00821043,0.275242
4335393461,0.00795898,0.00822234,0.427767
4335394959,0.00795898,0.00823426,0.275242
4335396454,0.00795898,0.00824616,0.275242
4335397962,0.00795898,0.00825816,0.275242
4335399461,0.00795898,0.00827009,0.275242
4335400961,0.00795898,0.00828203,0.427767
4335402452,0.00795898,0.0082939,0.275242
4335403959,0.00795898,0.00830589,0.427767
4335405449,0.00795898,0.00831775,0.427767
4335406960,0.00795898,0.00832978,0.427767
4335408446,0.00795898,0.0083416,0.427767
4335409966,0.00795898,0.0083537,0.427767
4335411460,0.00795898,0.00836559,0.427767
4335412961,0.00795898,0.00837754,0.427767
4335414452,0.00795898,0.00838941,0.427767
4335415965,0.00795898,0.00840145,0.275242
4335417462,0.00795898,0.00841336,0.275242
4335418959,0.00795898,0.00842528,0.427767
4335420445,0.00795898,0.0084371,0.275242
4335421938,0.00795898,0.00844899,0.275242
4335423460,0.00795898,0.0084611,0.427767
4335424934,0.00795898,0.00847283,0.427767
4335426446,0.00795898,0.00848487,0.427767
4335427936,0.00795898,0.00849673,0.427767
4335429450,0.00795898,0.00850877,0.427767
4335430935,0.00795898,0.00852059,0.427767
4335432453,0.00795898,0.00853268,0.427767
4335433935,0.00795898,0.00854447,0.427767
4335435451,0.00795898,0.00855654,0.427767
4335436938,0.00795898,0.00856837,0.427767
4335438443,0.00795898,0.00858035,0.427767
4335439934,0.00795898,0.00859222,0.427767
4335441448,0.00795898,0.00860427,0.580293
4335442938,0.00795898,0.00861613,0.580293
4335444437,0.00795898,0.00862806,0.427767
4335445934,0.00795898,0.00863997,0.580293
4335447433,0.00795898,0.0086519,0.427767
4335448935,0.00795898,0.00866386,0.427767
4335450432,0.00795898,0.00867577,0.427767
4335451935,0.00795898,0.00868773,0.275242
4335453451,0.00795898,0.0086998,0.275242
4335454934,0.00795898,0.0087116,0.275242
4335456450,0.00795898,0.00872367,0.275242
4335457940,0.00795898,0.00873553,0.275242
4335459437,0.00795898,0.00874744,0.275242
4335460935,0.00795898,0.00875936,0.275242
4335462448,0.00795898,0.00877141,0.275242
4335463938,0.00795898,0.00878326,0.275242
4335465439,0.00795898,0.00879521,0.275242
4335466935,0.00795898,0.00880712,0.275242
4335468446,0.00795898,0.00881914,0.122717
4335469937,0.00795898,0.00883101,0.122717
4335471440,0.00795898,0.00884297,0.122717
4335472934,0.00795898,0.00885486,-0.029808
4335474448,0.00795898,0.00886691,-0.029808
4335475935,0.00795898,0.00887875,0.122717
4335477448,0.00795898,0.00889079,0.122717
4335478912,0.00795898,0.00890244,0.122717
4335480409,0.00795898,0.00891436,0.122717
4335481857,0.00795898,0.00892588,0.122717
4335483340,0.00795898,0.00893768,0.122717
4335484806,0.00795898,0.00894935,0.122717
4335486288,0.00795898,0.00896115,0.122717
4335487732,0.00795898,0.00897264,0.275242
4335489190,0.00795898,0.00898424,0.122717
4335490631,0.00795898,0.00899571,0.275242
4335492064,0.00795898,0.00900712,0.275242
4335493520,0.00795898,0.00901871,0.275242
4335494982,0.00795898,0.00903034,0.275242
4335496438,0.00795898,0.00904193,0.275242
4335497931,0.00795898,0.00905381,0.275242
4335499412,0.00795898,0.0090656,0.275242
4335500856,0.00795898,0.00907709,0.427767
4335502338,0.00795898,0.00908889,0.275242
4335503781,0.00795898,0.00910037,0.427767
4335505263,0.00795898,0.00911217,0.427767
4335506710,0.00795898,0.00912368,0.427767
4335508170,0.00795898,0.0091353,0.427767
4335509631,0.00795898,0.00914693,0.580293
4335511088,0.00795898,0.00915853,0.580293
4335512519,0.00795898,0.00916992,0.580293
4335513982,0.00795898,0.00918156,0.580293
4335515439,0.00795898,0.00919316,0.580293
4335516932,0.00795898,0.00920504,0.580293
4335518415,0.00795898,0.00921685,0.580293
4335519932,0.00795898,0.00922892,0.580293
4335521422,0.00795898,0.00924078,0.580293
4335522931,0.00795898,0.00925279,0.580293
4335524413,0.00795898,0.00926458,0.732818
4335525858,0.00795898,0.00927608,0.732818
4335527341,0.00795898,0.00928789,0.732818
4335528781,0.00795898,0.00929935,0.732818
4335530263,0.00795898,0.00931114,0.732818
4335531731,0.00795898,0.00932283,0.732818
4335533188,0.00795898,0.00933442,0.732818
4335534632,0.00795898,0.00934592,0.732818
4335536093,0.00795898,0.00935754,0.732818
4335537531,0.00795898,0.00936899,0.732818
4335538987,0.00795898,0.00938058,0.732818
4335540443,0.00795898,0.00939217,0.580293
4335541931,0.00795898,0.00940401,0.580293
4335543412,0.00795898,0.0094158,0.580293
4335544858,0.00795898,0.0094273,0.580293
4335546338,0.00795898,0.00943908,0.580293
4335547781,0.00795898,0.00945057,0.580293
4335549262,0.00795898,0.00946235,0.580293
4335550707,0.00795898,0.00947386,0.580293
4335552164,0.00795898,0.00948545,0.580293
4335553614,0.00795898,0.00949699,0.580293
4335555057,0.00795898,0.00950848,0.580293
4335556489,0.00795898,0.00951988,0.580293
4335557945,0.00795898,0.00953146,0.580293
4335559431,0.00795898,0.00954329,0.580293
4335560906,0.00795898,0.00955503,0.580293
4335562387,0.00795898,0.00956682,0.580293
4335563831,0.00795898,0.00957831,0.580293
4335565313,0.00795898,0.0095901,0.580293
4335566756,0.00795898,0.00960159,0.580293
4335568239,0.00795898,0.00961339,0.580293
4335569688,0.00795898,0.00962493,0.580293
4335571144,0.00795898,0.00963651,0.580293
4335572606,0.00795898,0.00964815,0.732818
4335574063,0.00795898,0.00965975,0.732818
4335575494,0.00795898,0.00967113,0.732818
4335576956,0.00795898,0.00968277,0.732818
4335578414,0.00795898,0.00969438,0.885343
4335579856,0.00795898,0.00970585,0.885343
4335581338,0.00795898,0.00971765,0.885343
4335582781,0.00795898,0.00972913,0.885343
4335584264,0.00795898,0.00974094,0.885343
4335585698,0.00795898,0.00975235,0.885343
4335587157,0.00795898,0.00976396,0.885343
4335588606,0.00795898,0.00977549,0.885343
4335590063,0.00795898,0.00978709,0.885343
4335591519,0.00795898,0.00979868,0.885343
4335592956,0.00795898,0.00981011,0.885343
4335594412,0.00795898,0.0098217,0.885343
4335595856,0.00795898,0.0098332,0.885343
4335597337,0.00795898,0.00984498,0.885343
4335598781,0.00795898,0.00985647,0.885343
4335600265,0.00795898,0.00986829,0.885343
4335601711,0.00795898,0.00987979,0.732818
4335603169,0.00795898,0.0098914,0.732818
4335604606,0.00795898,0.00990283,0.732818
4335606063,0.00795898,0.00991443,0.732818
4335607519,0.00795898,0.00992602,0.885343
4335608956,0.00795898,0.00993746,0.732818
4335610412,0.00795898,0.00994904,0.732818
4335611856,0.00795898,0.00996054,0.732818
4335613338,0.00795898,0.00997233,0.732818
4335614781,0.00795898,0.00998382,0.732818
4335616263,0.00795898,0.00999561,0.580293
4335617711,0.00795898,0.0100071,0.580293
4335619170,0.00795898,0.0100187,0.580293
4335620631,0.00795898,0.0100304,0.580293
4335622063,0.00795898,0.0100418,0.732818
4335623519,0.00795898,0.0100534,0.732818
4335624981,0.00795898,0.010065,0.732818
4335626437,0.00795898,0.0100766,0.732818
4335627932,0.00795898,0.0100885,0.732818
4335629407,0.00795898,0.0101002,0.732818
4335630856,0.00795898,0.0101118,0.580293
4335632338,0.00795898,0.0101236,0.580293
4335633786,0.00795898,0.0101351,0.732818
4335635268,0.00795898,0.0101469,0.580293
4335636731,0.00795898,0.0101585,0.580293
4335638188,0.00795898,0.0101701,0.580293
4335639631,0.00795898,0.0101816,0.732818
4335641090,0.00795898,0.0101932,0.732818
4335642531,0.00795898,0.0102047,0.732818
4335643987,0.00795898,0.0102163,0.732818
4335645443,0.00795898,0.0102279,0.580293
4335646931,0.00795898,0.0102397,0.580293
4335648412,0.00795898,0.0102515,0.580293
4335649937,0.00795898,0.0102636,0.580293
4335651405,0.00795898,0.0102753,0.732818
4335652856,0.00795898,0.0102869,0.732818
4335654340,0.00795898,0.0102987,0.885343
4335655781,0.00795898,0.0103101,0.885343
4335657263,0.00795898,0.0103219,0.885343
4335658706,0.00795898,0.0103334,0.885343
4335660163,0.00795898,0.010345,0.885343
4335661606,0.00795898,0.0103565,0.732818
4335663038,0.00795898,0.0103679,0.732818
4335664497,0.00795898,0.0103795,0.732818
4335665936,0.00795898,0.010391,0.732818
4335667401,0.00795898,0.0104026,0.732818
4335668831,0.00795898,0.010414,0.732818
4335670317,0.00795898,0.0104258,0.732818
4335671780,0.00795898,0.0104375,0.732818
4335673261,0.00795898,0.0104493,0.732818
4335674706,0.00795898,0.0104608,0.732818
4335676161,0.00795898,0.0104723,0.732818
4335677606,0.00795898,0.0104838,0.732818
4335679345,0.00795898,0.0104977,0.732818
4335680807,0.00795898,0.0105093,0.580293
4335682297,0.00795898,0.0105212,0.732818
4335683740,0.00795898,0.0105327,0.732818
4335685207,0.00795898,0.0105443,0.732818
4335686655,0.00795898,0.0105559,0.732818
4335688088,0.00795898,0.0105673,0.732818
4335689605,0.00795898,0.0105793,0.732818
4335691038,0.00795898,0.0105907,0.732818
4335692496,0.00795898,0.0106023,0.732818
4335693956,0.00795898,0.010614,0.580293
4335695437,0.00795898,0.0106258,0.580293
4335696907,0.00795898,0.0106375,0.580293
4335698388,0.00795898,0.0106492,0.580293
4335699832,0.00795898,0.0106607,0.580293
4335701313,0.00795898,0.0106725,0.580293
4335702756,0.00795898,0.010684,0.732818
4335704237,0.00795898,0.0106958,0.580293
4335705681,0.00795898,0.0107073,0.580293
4335707138,0.00795898,0.0107189,0.732818
4335708606,0.00795898,0.0107306,0.732818
4335710063,0.00795898,0.0107422,0.732818
4335711496,0.00795898,0.0107536,0.732818
4335712956,0.00795898,0.0107652,0.732818
4335714442,0.00795898,0.010777,0.732818
4335715906,0.00795898,0.0107887,0.885343
4335717388,0.00795898,0.0108005,0.885343
4335718831,0.00795898,0.0108119,0.885343
4335720312,0.00795898,0.0108237,0.885343
4335721757,0.00795898,0.0108352,0.885343
4335723239,0.00795898,0.010847,0.885343
4335724681,0.00795898,0.0108585,0.885343
4335726138,0.00795898,0.0108701,0.885343
4335727590,0.00795898,0.0108817,0.885343
4335729057,0.00795898,0.0108933,0.885343
4335730513,0.00795898,0.0109049,0.885343
4335731956,0.00795898,0.0109164,0.885343
4335733413,0.00795898,0.010928,0.885343
4335734856,0.00795898,0.0109395,0.885343
4335736339,0.00795898,0.0109513,0.885343
4335737781,0.00795898,0.0109628,0.885343
4335739262,0.00795898,0.0109746,0.885343
4335740710,0.00795898,0.0109861,0.885343
4335742157,0.00795898,0.0109976,0.885343
4335743611,0.00795898,0.0110092,0.885343
4335745102,0.00795898,0.011021,0.885343
4335746628,0.00795898,0.0110332,0.885343
4335748082,0.00795898,0.0110448,0.885343
4335749541,0.00795898,0.0110564,0.885343
4335751029,0.00795898,0.0110682,0.885343
4335752490,0.00795898,0.0110798,0.885343
4335753944,0.00795898,0.0110914,0.885343
4335755439,0.00795898,0.0111033,0.885343
4335756936,0.00795898,0.0111152,0.885343
4335758409,0.00795898,0.0111269,0.885343
4335759861,0.00795898,0.0111385,0.885343
4335761371,0.00795898,0.0111505,0.885343
4335762833,0.00795898,0.0111622,0.885343
4335764311,0.00795898,0.0111739,0.885343
4335765788,0.00795898,0.0111857,0.885343
4335767261,0.00795898,0.0111974,0.885343
4335768738,0.00795898,0.0112092,0.885343
4335770222,0.00795898,0.011221,0.885343
4335771689,0.00795898,0.0112326,0.885343
4335773160,0.00795898,0.0112443,0.732818
4335774639,0.00795898,0.0112561,0.732818
4335776093,0.00795898,0.0112677,0.732818
4335777535,0.00795898,0.0112792,0.732818
4335779009,0.00795898,0.0112909,0.580293
4335780488,0.00795898,0.0113027,0.580293
4335781935,0.00795898,0.0113142,0.580293
4335783425,0.00795898,0.011326,0.580293
4335784937,0.00795898,0.0113381,0.580293
4335786414,0.00795898,0.0113498,0.427767
4335787937,0.00795898,0.011362,0.427767
4335789412,0.00795898,0.0113737,0.427767
4335790936,0.00795898,0.0113858,0.275242
4335792412,0.00795898,0.0113976,0.275242
4335793942,0.00795898,0.0114097,0.122717
4335795430,0.00795898,0.0114216,0.122717
4335796938,0.00795898,0.0114336,0.122717
4335798433,0.00795898,0.0114455,-0.029808
4335799932,0.00795898,0.0114574,-0.029808
4335801420,0.00795898,0.0114693,-0.029808
4335802942,0.00795898,0.0114814,-0.182333
4335804438,0.00795898,0.0114933,-0.182333
4335805913,0.00795898,0.011505,-0.334858
4335807390,0.00795898,0.0115168,-0.334858
4335808859,0.00795898,0.0115285,-0.334858
4335810359,0.00795898,0.0115404,-0.334858
4335811807,0.00795898,0.0115519,-0.487383
4335813299,0.00795898,0.0115638,-0.487383
4335814760,0.00795898,0.0115754,-0.487383
4335816249,0.00795898,0.0115873,-0.487383
4335817705,0.00795898,0.0115989,-0.487383
4335819164,0.00795898,0.0116105,-0.487383
4335820605,0.00795898,0.011622,-0.487383
4335822060,0.00795898,0.0116335,-0.639908
4335823517,0.00795898,0.0116451,-0.639908
4335824956,0.00795898,0.0116566,-0.639908
4335826436,0.00795898,0.0116684,-0.639908
4335827906,0.00795898,0.0116801,-0.487383
4335829396,0.00795898,0.0116919,-0.487383
4335830857,0.00795898,0.0117036,-0.334858
4335832339,0.00795898,0.0117153,-0.334858
4335833782,0.00795898,0.0117268,-0.334858
4335835263,0.00795898,0.0117386,-0.334858
4335836706,0.00795898,0.0117501,-0.334858
4335838163,0.00795898,0.0117617,-0.334858
4335839606,0.00795898,0.0117732,-0.334858
4335841063,0.00795898,0.0117848,-0.334858
4335842519,0.00795898,0.0117964,-0.334858
4335843956,0.00795898,0.0118078,-0.334858
4335845438,0.00795898,0.0118196,-0.334858
4335846908,0.00795898,0.0118313,-0.334858
4335848389,0.00795898,0.0118431,-0.334858
4335849831,0.00795898,0.0118546,-0.182333
4335851311,0.00795898,0.0118663,-0.182333
4335852757,0.00795898,0.0118779,-0.182333
4335854239,0.00795898,0.0118896,-0.182333
4335855682,0.00795898,0.0119011,-0.182333
4335857113,0.00795898,0.0119125,-0.182333
4335858606,0.00795898,0.0119244,-0.182333
4335860062,0.00795898,0.011936,-0.029808
4335861523,0.00795898,0.0119476,-0.029808
4335862956,0.00795898,0.011959,-0.029808
4335864437,0.00795898,0.0119708,-0.029808
4335865907,0.00795898,0.0119825,-0.029808
4335867389,0.00795898,0.0119943,-0.029808
4335868831,0.00795898,0.0120058,-0.029808
4335870312,0.00795898,0.0120176,-0.029808
4335871757,0.00795898,0.0120291,-0.029808
4335873238,0.00795898,0.0120409,-0.029808
4335874681,0.00795898,0.0120523,0.122717
4335876113,0.00795898,0.0120637,0.122717
4335877591,0.00795898,0.0120755,0.122717
4335879032,0.00795898,0.012087,0.122717
4335880489,0.00795898,0.0120986,0.122717
4335881920,0.00795898,0.01211,0.122717
4335883407,0.00795898,0.0121218,0.122717
4335884856,0.00795898,0.0121333,0.122717
4335886342,0.00795898,0.0121452,0.122717
4335887781,0.00795898,0.0121566,0.122717
4335889264,0.00795898,0.0121684,0.275242
4335890707,0.00795898,0.0121799,0.275242
4335892147,0.00795898,0.0121914,0.275242
4335893605,0.00795898,0.012203,0.275242
4335895062,0.00795898,0.0122146,0.275242
4335896519,0.00795898,0.0122262,0.275242
4335897981,0.00795898,0.0122378,0.275242
4335899438,0.00795898,0.0122494,0.122717
4335900933,0.00795898,0.0122613,0.275242
4335902415,0.00795898,0.0122731,0.275242
4335903857,0.00795898,0.0122846,0.275242
4335905339,0.00795898,0.0122964,0.275242
4335906782,0.00795898,0.0123078,0.275242
4335908263,0.00795898,0.0123196,0.275242
4335909706,0.00795898,0.0123311,0.275242
4335911168,0.00795898,0.0123427,0.122717
4335912616,0.00795898,0.0123543,0.122717
4335914082,0.00795898,0.0123659,0.122717
4335915606,0.00795898,0.0123781,0.122717
4335917039,0.00795898,0.0123895,0.122717
4335918496,0.00795898,0.0124011,0.122717
4335919932,0.00795898,0.0124125,0.122717
4335921412,0.00795898,0.0124243,0.122717
4335922932,0.00795898,0.0124364,0.122717
4335924414,0.00795898,0.0124482,0.122717
4335925857,0.00795898,0.0124597,0.122717
4335927340,0.00795898,0.0124715,-0.029808
4335928785,0.00795898,0.012483,-0.029808
4335930267,0.00795898,0.0124948,-0.029808
4335931732,0.00795898,0.0125064,-0.182333
4335933189,0.00795898,0.012518,-0.182333
4335934631,0.00795898,0.0125295,-0.182333
4335936087,0.00795898,0.0125411,-0.029808
4335937618,0.00795898,0.0125533,-0.182333
4335939081,0.00795898,0.0125649,-0.029808
4335940606,0.00795898,0.012577,-0.029808
4335942263,0.00795898,0.0125902,-0.029808
4335943707,0.00795898,0.0126017,-0.029808
4335945167,0.00795898,0.0126133,-0.029808
4335946605,0.00795898,0.0126248,-0.029808
4335948037,0.00795898,0.0126362,-0.029808
4335949493,0.00795898,0.0126478,-0.029808
4335950956,0.00795898,0.0126594,-0.029808
4335952421,0.00795898,0.0126711,0.122717
4335953861,0.00795898,0.0126825,0.122717
4335955346,0.00795898,0.0126944,0.122717
4335956806,0.00795898,0.012706,-0.029808
4335958272,0.00795898,0.0127176,0.122717
4335959706,0.00795898,0.0127291,0.122717
4335961163,0.00795898,0.0127407,-0.029808
4335962606,0.00795898,0.0127521,-0.029808
4335964064,0.00795898,0.0127637,-0.029808
4335965520,0.00795898,0.0127753,0.122717
4335966956,0.00795898,0.0127868,0.122717
4335968437,0.00795898,0.0127985,0.122717
4335969912,0.00795898,0.0128103,0.122717
4335971396,0.00795898,0.0128221,0.122717
4335972856,0.00795898,0.0128337,0.122717
4335974350,0.00795898,0.0128456,0.275242
4335975810,0.00795898,0.0128572,0.275242
4335977293,0.00795898,0.012869,0.122717
4335978756,0.00795898,0.0128807,0.122717
4335980212,0.00795898,0.0128923,0.122717
4335981655,0.00795898,0.0129038,0.122717
4335983120,0.00795898,0.0129154,0.122717
4335984608,0.00795898,0.0129273,0.122717
4335986075,0.00795898,0.0129389,0.122717
4335987508,0.00795898,0.0129503,0.122717
4335988968,0.00795898,0.012962,0.122717
4335990433,0.00795898,0.0129736,-0.029808
4335991908,0.00795898,0.0129854,0.122717
4335993393,0.00795898,0.0129972,0.122717
4335994858,0.00795898,0.0130088,0.122717
4335996343,0.00795898,0.0130207,0.122717
4335997771,0.00795898,0.013032,0.275242
4335999259,0.00795898,0.0130439,0.275242
4336000708,0.00795898,0.0130554,0.275242
4336002171,0.00795898,0.013067,0.275242
4336003634,0.00795898,0.0130787,0.275242
4336005068,0.00795898,0.0130901,0.275242
4336006534,0.00795898,0.0131018,0.275242
4336007957,0.00795898,0.0131131,0.275242
4336009445,0.00795898,0.0131249,0.427767
4336010933,0.00795898,0.0131368,0.275242
4336012419,0.00795898,0.0131486,0.275242
4336013933,0.00795898,0.0131607,0.275242
4336015417,0.00795898,0.0131725,0.275242
4336016934,0.00795898,0.0131845,0.275242
4336018414,0.00795898,0.0131963,0.275242
4336019859,0.00795898,0.0132078,0.427767
4336021345,0.00795898,0.0132196,0.275242
4336022784,0.00795898,0.0132311,0.427767
4336024268,0.00795898,0.0132429,0.275242
4336025735,0.00795898,0.0132546,0.275242
4336027196,0.00795898,0.0132662,0.275242
4336028634,0.00795898,0.0132777,0.427767
4336030093,0.00795898,0.0132893,0.275242
4336031535,0.00795898,0.0133007,0.275242
4336032995,0.00795898,0.0133124,0.275242
4336034439,0.00795898,0.0133239,0.275242
4336035934,0.00795898,0.0133358,0.275242
4336037420,0.00795898,0.0133476,0.275242
4336038933,0.00795898,0.0133596,0.275242
4336040421,0.00795898,0.0133715,0.275242
4336041936,0.00795898,0.0133835,0.122717
4336043424,0.00795898,0.0133954,0.122717
4336044934,0.00795898,0.0134074,0.122717
4336046417,0.00795898,0.0134192,0.275242
4336047934,0.00795898,0.0134313,0.275242
4336049419,0.00795898,0.0134431,0.122717
4336052234,0.00795898,0.0134655,0.122717
4336053824,0.00795898,0.0134781,-0.029808
4336055380,0.00795898,0.0134905,-0.029808
4336056873,0.00795898,0.0135024,-0.029808
4336058426,0.00795898,0.0135148,-0.182333
4336059969,0.00795898,0.0135271,-0.182333
4336061496,0.00795898,0.0135392,-0.182333
4336063033,0.00795898,0.0135514,-0.182333
4336064640,0.00795898,0.0135642,-0.182333
4336066175,0.00795898,0.0135764,-0.182333
4336067694,0.00795898,0.0135885,-0.182333
4336069216,0.00795898,0.0136006,-0.182333
4336070744,0.00795898,0.0136128,-0.182333
4336072298,0.00795898,0.0136252,-0.182333
4336073820,0.00795898,0.0136373,-0.029808
4336075368,0.00795898,0.0136496,-0.029808
4336076896,0.00795898,0.0136618,-0.182333
4336078449,0.00795898,0.0136741,-0.029808
4336079972,0.00795898,0.0136863,-0.029808
4336081490,0.00795898,0.0136983,-0.029808
4336082994,0.00795898,0.0137103,-0.029808
4336084518,0.00795898,0.0137224,-0.029808
4336086055,0.00795898,0.0137347,-0.029808
4336087646,0.00795898,0.0137473,-0.029808
4336089145,0.00795898,0.0137593,-0.029808
4336090645,0.00795898,0.0137712,0.122717
4336092145,0.00795898,0.0137831,0.122717
4336093644,0.00795898,0.0137951,0.275242
4336095143,0.00795898,0.013807,0.275242
4336096633,0.00795898,0.0138189,0.427767
4336098136,0.00795898,0.0138308,0.427767
4336099642,0.00795898,0.0138428,0.427767
4336101143,0.00795898,0.0138548,0.580293
4336102641,0.00795898,0.0138667,0.427767
4336104147,0.00795898,0.0138787,0.427767
4336105644,0.00795898,0.0138906,0.427767
4336107135,0.00795898,0.0139024,0.580293
4336108643,0.00795898,0.0139144,0.580293
4336110144,0.00795898,0.0139264,0.580293
4336111642,0.00795898,0.0139383,0.580293
4336113142,0.00795898,0.0139503,0.580293
4336114644,0.00795898,0.0139622,0.580293
4336116143,0.00795898,0.0139741,0.580293
4336117644,0.00795898,0.0139861,0.580293
4336119193,0.00795898,0.0139984,0.580293
4336120658,0.00795898,0.0140101,0.580293
4336122116,0.00795898,0.0140217,0.732818
4336123613,0.00795898,0.0140336,0.732818
4336125073,0.00795898,0.0140452,0.732818
4336126533,0.00795898,0.0140568,0.732818
4336127965,0.00795898,0.0140682,0.732818
4336129437,0.00795898,0.0140799,0.580293
4336130935,0.00795898,0.0140919,0.732818
4336132418,0.00795898,0.0141037,0.732818
4336133918,0.00795898,0.0141156,0.732818
4336135408,0.00795898,0.0141275,0.580293
4336136857,0.00795898,0.014139,0.580293
4336138344,0.00795898,0.0141508,0.580293
4336139783,0.00795898,0.0141623,0.580293
4336141266,0.00795898,0.0141741,0.580293
4336142732,0.00795898,0.0141858,0.580293
4336144185,0.00795898,0.0141973,0.580293
4336145637,0.00795898,0.0142089,0.580293
4336147070,0.00795898,0.0142203,0.580293
4336148532,0.00795898,0.0142319,0.580293
4336149991,0.00795898,0.0142435,0.580293
4336151432,0.00795898,0.014255,0.580293
4336152935,0.00795898,0.014267,0.580293
4336154417,0.00795898,0.0142788,0.580293
4336155934,0.00795898,0.0142908,0.580293
4336157417,0.00795898,0.0143026,0.580293
4336158933,0.00795898,0.0143147,0.580293
4336160415,0.00795898,0.0143265,0.580293
4336161862,0.00795898,0.014338,0.580293
4336163348,0.00795898,0.0143498,0.580293
4336164783,0.00795898,0.0143613,0.427767
4336166268,0.00795898,0.0143731,0.427767
4336167732,0.00795898,0.0143847,0.427767
4336169191,0.00795898,0.0143963,0.427767
4336170632,0.00795898,0.0144078,0.427767
4336172090,0.00795898,0.0144194,0.427767
4336173532,0.00795898,0.0144309,0.427767
4336174975,0.00795898,0.0144424,0.580293
4336176434,0.00795898,0.014454,0.580293
4336177937,0.00795898,0.014466,0.427767
4336179418,0.00795898,0.0144777,0.427767
4336180932,0.00795898,0.0144898,0.427767
4336182415,0.00795898,0.0145016,0.427767
4336183932,0.00795898,0.0145137,0.427767
4336185421,0.00795898,0.0145255,0.427767
4336186933,0.00795898,0.0145376,0.427767
4336188418,0.00795898,0.0145494,0.275242
4336189907,0.00795898,0.0145612,0.275242
4336191389,0.00795898,0.014573,0.275242
4336192833,0.00795898,0.0145845,0.275242
4336194309,0.00795898,0.0145963,0.275242
4336195758,0.00795898,0.0146078,0.275242
4336197216,0.00795898,0.0146194,0.275242
4336198657,0.00795898,0.0146309,0.275242
4336200101,0.00795898,0.0146424,0.275242
4336201608,0.00795898,0.0146544,0.275242
4336203040,0.00795898,0.0146657,0.275242
4336204507,0.00795898,0.0146774,0.427767
4336205944,0.00795898,0.0146889,0.427767
4336207407,0.00795898,0.0147005,0.427767
4336208857,0.00795898,0.014712,0.275242
4336210339,0.00795898,0.0147238,0.275242
4336211784,0.00795898,0.0147353,0.275242
4336213269,0.00795898,0.0147472,0.275242
4336214707,0.00795898,0.0147586,0.275242
4336216169,0.00795898,0.0147702,0.427767
4336217607,0.00795898,0.0147817,0.427767
4336219066,0.00795898,0.0147933,0.427767
4336220508,0.00795898,0.0148048,0.427767
4336221966,0.00795898,0.0148164,0.427767
4336223433,0.00795898,0.0148281,0.580293
4336224908,0.00795898,0.0148398,0.580293
4336226384,0.00795898,0.0148515,0.580293
4336227832,0.00795898,0.0148631,0.580293
4336229316,0.00795898,0.0148749,0.580293
4336230758,0.00795898,0.0148864,0.580293
4336232225,0.00795898,0.014898,0.580293
4336233659,0.00795898,0.0149094,0.732818
4336235117,0.00795898,0.0149211,0.580293
4336236608,0.00795898,0.0149329,0.732818
4336238065,0.00795898,0.0149445,0.732818
4336239534,0.00795898,0.0149562,0.732818
4336240949,0.00795898,0.0149675,0.732818
4336242438,0.00795898,0.0149793,0.732818
4336243909,0.00795898,0.014991,0.732818
4336245392,0.00795898,0.0150028,0.732818
4336246858,0.00795898,0.0150145,0.732818
4336248343,0.00795898,0.0150263,0.885343
4336249812,0.00795898,0.015038,0.885343
4336251296,0.00795898,0.0150498,0.732818
4336252758,0.00795898,0.0150615,0.885343
4336254219,0.00795898,0.0150731,0.885343
4336255682,0.00795898,0.0150847,0.732818
4336257115,0.00795898,0.0150961,0.885343
4336258610,0.00795898,0.015108,0.732818
4336260054,0.00795898,0.0151195,0.732818
4336261512,0.00795898,0.0151311,0.732818
4336262968,0.00795898,0.0151427,0.732818
4336264461,0.00795898,0.0151546,0.732818
4336265934,0.00795898,0.0151663,0.732818
4336267417,0.00795898,0.0151781,0.732818
4336268932,0.00795898,0.0151902,0.732818
4336270415,0.00795898,0.015202,0.732818
4336271934,0.00795898,0.0152141,0.732818
4336273417,0.00795898,0.0152259,0.580293
4336274932,0.00795898,0.0152379,0.580293
4336276416,0.00795898,0.0152497,0.580293
4336277933,0.00795898,0.0152618,0.580293
4336279417,0.00795898,0.0152736,0.580293
4336280935,0.00795898,0.0152857,0.580293
4336282423,0.00795898,0.0152976,0.732818
4336283933,0.00795898,0.0153096,0.732818
4336285417,0.00795898,0.0153214,0.580293
4336286933,0.00795898,0.0153335,0.580293
4336288414,0.00795898,0.0153452,0.580293
4336289862,0.00795898,0.0153568,0.580293
4336291335,0.00795898,0.0153685,0.580293
4336292783,0.00795898,0.01538,0.580293
4336294267,0.00795898,0.0153918,0.580293
4336295734,0.00795898,0.0154035,0.580293
4336297194,0.00795898,0.0154151,0.732818
4336298632,0.00795898,0.0154266,0.732818
4336300089,0.00795898,0.0154382,0.732818
4336301607,0.00795898,0.0154502,0.732818
4336303040,0.00795898,0.0154616,0.732818
4336304507,0.00795898,0.0154733,0.732818
4336305940,0.00795898,0.0154847,0.732818
4336307437,0.00795898,0.0154966,0.732818
4336308934,0.00795898,0.0155086,0.732818
4336310417,0.00795898,0.0155204,0.732818
4336311935,0.00795898,0.0155324,0.732818
4336313418,0.00795898,0.0155442,0.732818
4336314919,0.00795898,0.0155562,0.732818
4336316385,0.00795898,0.0155679,0.732818
4336317834,0.00795898,0.0155794,0.732818
4336319323,0.00795898,0.0155912,0.732818
4336320784,0.00795898,0.0156029,0.732818
4336322273,0.00795898,0.0156147,0.732818
4336323736,0.00795898,0.0156264,0.732818
4336325195,0.00795898,0.015638,0.732818
4336326660,0.00795898,0.0156496,0.732818
4336328099,0.00795898,0.0156611,0.732818
4336329610,0.00795898,0.0156731,0.732818
4336331047,0.00795898,0.0156846,0.732818
4336332509,0.00795898,0.0156962,0.732818
4336333946,0.00795898,0.0157076,0.732818
4336335441,0.00795898,0.0157195,0.580293
4336336910,0.00795898,0.0157312,0.580293
4336338402,0.00795898,0.0157431,0.580293
4336339859,0.00795898,0.0157547,0.580293
4336341345,0.00795898,0.0157665,0.427767
4336342796,0.00795898,0.0157781,0.427767
4336344260,0.00795898,0.0157897,0.580293
4336345709,0.00795898,0.0158013,0.580293
4336347172,0.00795898,0.0158129,0.580293
4336348610,0.00795898,0.0158243,0.427767
4336350071,0.00795898,0.015836,0.580293
4336351508,0.00795898,0.0158474,0.580293
4336352968,0.00795898,0.015859,0.427767
4336354431,0.00795898,0.0158707,0.580293
4336355910,0.00795898,0.0158824,0.580293
4336357394,0.00795898,0.0158943,0.580293
4336358860,0.00795898,0.0159059,0.580293
4336360345,0.00795898,0.0159177,0.580293
4336361811,0.00795898,0.0159294,0.580293
4336363300,0.00795898,0.0159413,0.580293
4336364759,0.00795898,0.0159529,0.580293
4336366221,0.00795898,0.0159645,0.732818
4336367660,0.00795898,0.015976,0.732818
4336369120,0.00795898,0.0159876,0.732818
4336370610,0.00795898,0.0159994,0.732818
4336372071,0.00795898,0.0160111,0.732818
4336373534,0.00795898,0.0160227,0.732818
4336374970,0.00795898,0.0160341,0.885343
4336376461,0.00795898,0.016046,0.885343
4336377910,0.00795898,0.0160575,1.03787
4336379395,0.00795898,0.0160694,0.885343
4336380860,0.00795898,0.016081,1.03787
4336382345,0.00795898,0.0160928,1.03787
4336383785,0.00795898,0.0161043,1.03787
4336385277,0.00795898,0.0161162,1.03787
4336386735,0.00795898,0.0161278,1.03787
4336388194,0.00795898,0.0161394,1.03787
4336389635,0.00795898,0.0161509,1.03787
4336391071,0.00795898,0.0161623,1.03787
4336392535,0.00795898,0.0161739,1.03787
4336393970,0.00795898,0.0161854,1.03787
4336395460,0.00795898,0.0161972,1.03787
4336396935,0.00795898,0.016209,1.03787
4336398420,0.00795898,0.0162208,1.03787
4336399959,0.00795898,0.016233,1.03787
4336401447,0.00795898,0.0162449,1.03787
4336402935,0.00795898,0.0162567,1.03787
4336404418,0.00795898,0.0162685,1.03787
4336405935,0.00795898,0.0162806,1.03787
4336407420,0.00795898,0.0162924,1.03787
4336408934,0.00795898,0.0163045,1.03787
4336410420,0.00795898,0.0163163,1.03787
4336411934,0.00795898,0.0163283,1.03787
4336413417,0.00795898,0.0163401,1.03787
4336414935,0.00795898,0.0163522,1.03787
4336416418,0.00795898,0.016364,1.03787
4336417940,0.00795898,0.0163761,1.03787
4336419424,0.00795898,0.0163879,1.03787
4336420934,0.00795898,0.0164,1.03787
4336422419,0.00795898,0.0164118,1.03787
4336423936,0.00795898,0.0164239,1.03787
4336425423,0.00795898,0.0164357,0.885343
4336426939,0.00795898,0.0164478,0.885343
4336428439,0.00795898,0.0164597,0.732818
4336429938,0.00795898,0.0164716,0.732818
4336431414,0.00795898,0.0164834,0.580293
4336432860,0.00795898,0.0164949,0.580293
4336434345,0.00795898,0.0165067,0.580293
4336435809,0.00795898,0.0165184,0.580293
4336437292,0.00795898,0.0165302,0.580293
4336438735,0.00795898,0.0165416,0.580293
4336440196,0.00795898,0.0165533,0.580293
4336441633,0.00795898,0.0165647,0.427767
4336443091,0.00795898,0.0165763,0.427767
4336444532,0.00795898,0.0165878,0.427767
4336445989,0.00795898,0.0165994,0.427767
4336447462,0.00795898,0.0166111,0.427767
4336448907,0.00795898,0.0166226,0.427767
4336450392,0.00795898,0.0166344,0.427767
4336451857,0.00795898,0.0166461,0.427767
4336453341,0.00795898,0.0166579,0.427767
4336454807,0.00795898,0.0166696,0.427767
4336456290,0.00795898,0.0166814,0.427767
4336457733,0.00795898,0.0166928,0.427767
4336459193,0.00795898,0.0167045,0.427767
4336460658,0.00795898,0.0167161,0.427767
4336462091,0.00795898,0.0167275,0.275242
4336463606,0.00795898,0.0167396,0.427767
4336465065,0.00795898,0.0167512,0.427767
4336466522,0.00795898,0.0167628,0.580293
4336467943,0.00795898,0.0167741,0.580293
4336469424,0.00795898,0.0167859,0.732818
4336470907,0.00795898,0.0167977,0.732818
4336472389,0.00795898,0.0168095,0.732818
4336473832,0.00795898,0.016821,0.732818
4336475315,0.00795898,0.0168328,0.732818
4336476758,0.00795898,0.0168443,0.732818
4336478217,0.00795898,0.0168559,0.732818
4336479661,0.00795898,0.0168674,0.580293
4336481123,0.00795898,0.016879,0.580293
4336482591,0.00795898,0.0168907,0.580293
4336484042,0.00795898,0.0169022,0.580293
4336485508,0.00795898,0.0169139,0.580293
4336486966,0.00795898,0.0169255,0.580293
4336488433,0.00795898,0.0169372,0.580293
4336489908,0.00795898,0.0169489,0.580293
4336491392,0.00795898,0.0169607,0.580293
4336492858,0.00795898,0.0169724,0.580293
4336494342,0.00795898,0.0169842,0.580293
4336495808,0.00795898,0.0169959,0.580293
4336497291,0.00795898,0.0170077,0.580293
4336498733,0.00795898,0.0170192,0.580293
4336500191,0.00795898,0.0170308,0.580293
4336501673,0.00795898,0.0170426,0.580293
4336503115,0.00795898,0.017054,0.580293
4336504607,0.00795898,0.0170659,0.580293
4336506067,0.00795898,0.0170775,0.580293
4336507534,0.00795898,0.0170892,0.580293
4336508993,0.00795898,0.0171008,0.580293
4336510457,0.00795898,0.0171125,0.580293
4336511951,0.00795898,0.0171244,0.580293
4336513442,0.00795898,0.0171362,0.427767
4336514932,0.00795898,0.0171481,0.427767
4336516415,0.00795898,0.0171599,0.580293
4336517933,0.00795898,0.017172,0.580293
4336519416,0.00795898,0.0171838,0.580293
4336520935,0.00795898,0.0171959,0.580293
4336522423,0.00795898,0.0172077,0.580293
4336523933,0.00795898,0.0172197,0.580293
4336525416,0.00795898,0.0172315,0.580293
4336526933,0.00795898,0.0172436,0.732818
4336528416,0.00795898,0.0172554,0.580293
4336529937,0.00795898,0.0172675,0.580293
4336531420,0.00795898,0.0172793,0.580293
4336532858,0.00795898,0.0172908,0.580293
4336534349,0.00795898,0.0173026,0.580293
4336535783,0.00795898,0.0173141,0.732818
4336537267,0.00795898,0.0173259,0.580293
4336538733,0.00795898,0.0173375,0.732818
4336540193,0.00795898,0.0173492,0.580293
4336541634,0.00795898,0.0173606,0.732818
4336543098,0.00795898,0.0173723,0.732818
4336544533,0.00795898,0.0173837,0.732818
4336545990,0.00795898,0.0173953,0.732818
4336547458,0.00795898,0.017407,0.732818
4336548933,0.00795898,0.0174187,0.732818
4336550418,0.00795898,0.0174305,0.732818
4336551933,0.00795898,0.0174426,0.732818
4336553418,0.00795898,0.0174544,0.732818
4336554933,0.00795898,0.0174665,0.732818
4336556416,0.00795898,0.0174783,0.732818
4336557933,0.00795898,0.0174903,0.732818
4336559417,0.00795898,0.0175022,0.732818
4336560935,0.00795898,0.0175142,0.732818
4336562418,0.00795898,0.017526,0.885343
4336563933,0.00795898,0.0175381,0.732818
4336565415,0.00795898,0.0175499,0.732818
4336566933,0.00795898,0.017562,0.732818
4336568414,0.00795898,0.0175738,0.885343
4336569857,0.00795898,0.0175852,0.732818
4336571341,0.00795898,0.0175971,0.732818
4336572808,0.00795898,0.0176087,0.732818
4336574291,0.00795898,0.0176205,0.732818
4336575758,0.00795898,0.0176322,0.732818
4336577229,0.00795898,0.0176439,0.732818
4336578683,0.00795898,0.0176555,0.732818
4336580140,0.00795898,0.0176671,0.732818
4336581608,0.00795898,0.0176788,0.885343
4336583042,0.00795898,0.0176902,0.885343
4336584508,0.00795898,0.0177019,0.885343
4336585953,0.00795898,0.0177134,0.885343
4336587439,0.00795898,0.0177252,0.885343
4336588908,0.00795898,0.0177369,0.732818
4336590392,0.00795898,0.0177487,0.732818
4336591858,0.00795898,0.0177604,0.732818
4336593341,0.00795898,0.0177722,0.732818
4336594808,0.00795898,0.0177838,0.732818
4336596291,0.00795898,0.0177956,0.732818
4336597758,0.00795898,0.0178073,0.885343
4336599220,0.00795898,0.0178189,0.885343
4336600659,0.00795898,0.0178304,0.732818
4336602127,0.00795898,0.0178421,0.732818
4336603608,0.00795898,0.0178539,0.732818
4336605067,0.00795898,0.0178655,0.885343
4336606509,0.00795898,0.017877,0.732818
4336607967,0.00795898,0.0178886,0.732818
4336609432,0.00795898,0.0179002,0.732818
4336610908,0.00795898,0.017912,0.732818
4336612391,0.00795898,0.0179238,0.732818
4336613858,0.00795898,0.0179355,0.732818
4336615341,0.00795898,0.0179473,0.732818
4336616808,0.00795898,0.0179589,0.732818
4336618290,0.00795898,0.0179707,0.732818
4336619757,0.00795898,0.0179824,0.580293
4336621216,0.00795898,0.017994,0.580293
4336622658,0.00795898,0.0180055,0.580293
4336624116,0.00795898,0.0180171,0.580293
4336625612,0.00795898,0.018029,0.580293
4336627070,0.00795898,0.0180406,0.580293
4336628533,0.00795898,0.0180523,0.580293
4336629966,0.00795898,0.0180637,0.580293
4336631458,0.00795898,0.0180755,0.732818
4336632908,0.00795898,0.0180871,0.732818
4336634398,0.00795898,0.0180989,0.732818
4336635858,0.00795898,0.0181106,0.732818
4336637340,0.00795898,0.0181223,0.732818
4336638783,0.00795898,0.0181338,0.580293
4336640240,0.00795898,0.0181454,0.580293
4336641687,0.00795898,0.0181569,0.580293
4336643121,0.00795898,0.0181684,0.580293
4336644607,0.00795898,0.0181802,0.580293
4336646064,0.00795898,0.0181918,0.580293
4336647529,0.00795898,0.0182034,0.580293
4336648987,0.00795898,0.018215,0.580293
4336650445,0.00795898,0.0182267,0.732818
